{"cameraMode":{"drawMode":0,"name":"Shaded","section":"Shading Mode"},"sceneLighting":true,"audioPlay":false,"sceneViewState":{"m_AlwaysRefresh":false,"showFog":true,"showSkybox":true,"showFlares":true,"showImageEffects":true,"showParticleSystems":true,"showVisualEffectGraphs":true,"m_FxEnabled":true},"in2DMode":false,"pivot":{"x":-0.0920225977897644,"y":-0.22501327097415925,"z":-0.4444340467453003},"rotation":{"x":0.005802740342915058,"y":-0.9630580544471741,"z":0.2684120833873749,"w":0.02080964855849743},"size":3.2037363052368166,"orthographic":false}